Workbook

Sheet SampleSuperstore
A1: Ship Mode | B1: Segment | C1: Country | D1: City | E1: State | F1: Postal Code | G1: Region | H1: Category | I1: Sub-Category | J1: Sales | K1: Quantity | L1: Discount | M1: Profit | N1: Profit/Loss | O1: Discount Type | P1: Sales Category | Q1: Region Lookup
A2: Second Class | B2: Consumer | C2: United States | D2: Henderson | E2: Kentucky | F2: 42420 | G2: South | H2: Furniture | I2: Bookcases | J2: 261.96 | K2: 2 | L2: 0 | M2: 41.9136 | N2: =IF(M2>0,"Profit","Loss") -> Profit | O2: =IF(L2>0.5,"High Discount","Normal") -> Normal | P2: =IF(J2>1000,"High",IF(J2>=500,"Medium","Low")) -> Low | Q2: =VLOOKUP(A2,SampleSuperstore!A:G,7,0) -> South | W2: SUMMARY
A3: Second Class | B3: Consumer | C3: United States | D3: Henderson | E3: Kentucky | F3: 42420 | G3: South | H3: Furniture | I3: Chairs | J3: 731.94 | K3: 3 | L3: 0 | M3: 219.582 | N3: =IF(M3>0,"Profit","Loss") -> Profit | O3: =IF(L3>0.5,"High Discount","Normal") -> Normal | P3: =IF(J3>1000,"High",IF(J3>=500,"Medium","Low")) -> Medium | Q3: =VLOOKUP(A3,SampleSuperstore!A:G,7,0) -> South | W3: Total Sales | X3: =SUM(J2:J9995) -> 2297200.9
A4: Second Class | B4: Corporate | C4: United States | D4: Los Angeles | E4: California | F4: 90036 | G4: West | H4: Office Supplies | I4: Labels | J4: 14.62 | K4: 2 | L4: 0 | M4: 6.8714 | N4: =IF(M4>0,"Profit","Loss") -> Profit | O4: =IF(L4>0.5,"High Discount","Normal") -> Normal | P4: =IF(J4>1000,"High",IF(J4>=500,"Medium","Low")) -> Low | Q4: =VLOOKUP(A4,SampleSuperstore!A:G,7,0) -> South | W4: Total Profit | X4: =SUM(M2:M9995) -> 286397.02
A5: Standard Class | B5: Consumer | C5: United States | D5: Fort Lauderdale | E5: Florida | F5: 33311 | G5: South | H5: Furniture | I5: Tables | J5: 957.5775 | K5: 5 | L5: 0.45 | M5: -383.031 | N5: =IF(M5>0,"Profit","Loss") -> Loss | O5: =IF(L5>0.5,"High Discount","Normal") -> Normal | P5: =IF(J5>1000,"High",IF(J5>=500,"Medium","Low")) -> Medium | Q5: =VLOOKUP(A5,SampleSuperstore!A:G,7,0) -> South | W5: Average Sales | X5: =AVERAGE(J2) -> 261.96
A6: Standard Class | B6: Consumer | C6: United States | D6: Fort Lauderdale | E6: Florida | F6: 33311 | G6: South | H6: Office Supplies | I6: Storage | J6: 22.368 | K6: 2 | L6: 0.2 | M6: 2.5164 | N6: =IF(M6>0,"Profit","Loss") -> Profit | O6: =IF(L6>0.5,"High Discount","Normal") -> Normal | P6: =IF(J6>1000,"High",IF(J6>=500,"Medium","Low")) -> Low | Q6: =VLOOKUP(A6,SampleSuperstore!A:G,7,0) -> South | W6: Higest Sales | X6: =MAX(J2:J9995) -> 22638.48
A7: Standard Class | B7: Consumer | C7: United States | D7: Los Angeles | E7: California | F7: 90032 | G7: West | H7: Furniture | I7: Furnishings | J7: 48.86 | K7: 7 | L7: 0 | M7: 14.1694 | N7: =IF(M7>0,"Profit","Loss") -> Profit | O7: =IF(L7>0.5,"High Discount","Normal") -> Normal | P7: =IF(J7>1000,"High",IF(J7>=500,"Medium","Low")) -> Low | Q7: =VLOOKUP(A7,SampleSuperstore!A:G,7,0) -> South | W7: Lowest Profit | X7: =MIN(J2:J9995) -> 0.444
A8: Standard Class | B8: Consumer | C8: United States | D8: Los Angeles | E8: California | F8: 90032 | G8: West | H8: Office Supplies | I8: Art | J8: 7.28 | K8: 4 | L8: 0 | M8: 1.9656 | N8: =IF(M8>0,"Profit","Loss") -> Profit | O8: =IF(L8>0.5,"High Discount","Normal") -> Normal | P8: =IF(J8>1000,"High",IF(J8>=500,"Medium","Low")) -> Low | Q8: =VLOOKUP(A8,SampleSuperstore!A:G,7,0) -> South | W8: Number of Orders | X8: =COUNTA(A2:A9995) -> 9994
A9: Standard Class | B9: Consumer | C9: United States | D9: Los Angeles | E9: California | F9: 90032 | G9: West | H9: Technology | I9: Phones | J9: 907.152 | K9: 6 | L9: 0.2 | M9: 90.7152 | N9: =IF(M9>0,"Profit","Loss") -> Profit | O9: =IF(L9>0.5,"High Discount","Normal") -> Normal | P9: =IF(J9>1000,"High",IF(J9>=500,"Medium","Low")) -> Medium | Q9: =VLOOKUP(A9,SampleSuperstore!A:G,7,0) -> South | W9: Technology Sales | X9: =SUMIF(H2:H9995,"Technology",J2:J9995) -> 836154.03
A10: Standard Class | B10: Consumer | C10: United States | D10: Los Angeles | E10: California | F10: 90032 | G10: West | H10: Office Supplies | I10: Binders | J10: 18.504 | K10: 3 | L10: 0.2 | M10: 5.7825 | N10: =IF(M10>0,"Profit","Loss") -> Profit | O10: =IF(L10>0.5,"High Discount","Normal") -> Normal | P10: =IF(J10>1000,"High",IF(J10>=500,"Medium","Low")) -> Low | Q10: =VLOOKUP(A10,SampleSuperstore!A:G,7,0) -> South | W10: Furniture Orders | X10: =COUNTIF(H2:H9995,"Furniture") -> 2121
A11: Standard Class | B11: Consumer | C11: United States | D11: Los Angeles | E11: California | F11: 90032 | G11: West | H11: Office Supplies | I11: Appliances | J11: 114.9 | K11: 5 | L11: 0 | M11: 34.47 | N11: =IF(M11>0,"Profit","Loss") -> Profit | O11: =IF(L11>0.5,"High Discount","Normal") -> Normal | P11: =IF(J11>1000,"High",IF(J11>=500,"Medium","Low")) -> Low | Q11: =VLOOKUP(A11,SampleSuperstore!A:G,7,0) -> South | W11: Average Discount | X11: =AVERAGE(L2:L9995) -> 0.15620272
A12: Standard Class | B12: Consumer | C12: United States | D12: Los Angeles | E12: California | F12: 90032 | G12: West | H12: Furniture | I12: Tables | J12: 1706.184 | K12: 9 | L12: 0.2 | M12: 85.3092 | N12: =IF(M12>0,"Profit","Loss") -> Profit | O12: =IF(L12>0.5,"High Discount","Normal") -> Normal | P12: =IF(J12>1000,"High",IF(J12>=500,"Medium","Low")) -> High | Q12: =VLOOKUP(A12,SampleSuperstore!A:G,7,0) -> South | W12: West Region Total | X12: =SUMIF(G2:G9995,"West",J2:J9995) -> 725457.82
A13: Standard Class | B13: Consumer | C13: United States | D13: Los Angeles | E13: California | F13: 90032 | G13: West | H13: Technology | I13: Phones | J13: 911.424 | K13: 4 | L13: 0.2 | M13: 68.3568 | N13: =IF(M13>0,"Profit","Loss") -> Profit | O13: =IF(L13>0.5,"High Discount","Normal") -> Normal | P13: =IF(J13>1000,"High",IF(J13>=500,"Medium","Low")) -> Medium | Q13: =VLOOKUP(A13,SampleSuperstore!A:G,7,0) -> South | W13: Furniture Total | X13: =SUMIF(H2:H9995,"Furniture",J2:J9995) -> 741999.8
A14: Standard Class | B14: Consumer | C14: United States | D14: Concord | E14: North Carolina | F14: 28027 | G14: South | H14: Office Supplies | I14: Paper | J14: 15.552 | K14: 3 | L14: 0.2 | M14: 5.4432 | N14: =IF(M14>0,"Profit","Loss") -> Profit | O14: =IF(L14>0.5,"High Discount","Normal") -> Normal | P14: =IF(J14>1000,"High",IF(J14>=500,"Medium","Low")) -> Low | Q14: =VLOOKUP(A14,SampleSuperstore!A:G,7,0) -> South | W14: Office Supplies | X14: =SUMIF(H2:H9995,"Office Supplies",J2:J9995) -> 719047.03
A15: Standard Class | B15: Consumer | C15: United States | D15: Seattle | E15: Washington | F15: 98103 | G15: West | H15: Office Supplies | I15: Binders | J15: 407.976 | K15: 3 | L15: 0.2 | M15: 132.5922 | N15: =IF(M15>0,"Profit","Loss") -> Profit | O15: =IF(L15>0.5,"High Discount","Normal") -> Normal | P15: =IF(J15>1000,"High",IF(J15>=500,"Medium","Low")) -> Low | Q15: =VLOOKUP(A15,SampleSuperstore!A:G,7,0) -> South | W15: Technology Sales | X15: =SUMIF(H2:H9995,"Technology",J2:J9995) -> 836154.03
A16: Standard Class | B16: Home Office | C16: United States | D16: Fort Worth | E16: Texas | F16: 76106 | G16: Central | H16: Office Supplies | I16: Appliances | J16: 68.81 | K16: 5 | L16: 0.8 | M16: -123.858 | N16: =IF(M16>0,"Profit","Loss") -> Loss | O16: =IF(L16>0.5,"High Discount","Normal") -> High Discount | P16: =IF(J16>1000,"High",IF(J16>=500,"Medium","Low")) -> Low | Q16: =VLOOKUP(A16,SampleSuperstore!A:G,7,0) -> South | W16: East Average Sales | X16: =AVERAGEIF(G2:G9995,"East",J2:J9995) -> 238.33611
A17: Standard Class | B17: Home Office | C17: United States | D17: Fort Worth | E17: Texas | F17: 76106 | G17: Central | H17: Office Supplies | I17: Binders | J17: 2.544 | K17: 3 | L17: 0.8 | M17: -3.816 | N17: =IF(M17>0,"Profit","Loss") -> Loss | O17: =IF(L17>0.5,"High Discount","Normal") -> High Discount | P17: =IF(J17>1000,"High",IF(J17>=500,"Medium","Low")) -> Low | Q17: =VLOOKUP(A17,SampleSuperstore!A:G,7,0) -> South | W17: west Average Sales | X17: =AVERAGEIF(G2:G9995,"West",J2:J9995) -> 226.49323
A18: Standard Class | B18: Consumer | C18: United States | D18: Madison | E18: Wisconsin | F18: 53711 | G18: Central | H18: Office Supplies | I18: Storage | J18: 665.88 | K18: 6 | L18: 0 | M18: 13.3176 | N18: =IF(M18>0,"Profit","Loss") -> Profit | O18: =IF(L18>0.5,"High Discount","Normal") -> Normal | P18: =IF(J18>1000,"High",IF(J18>=500,"Medium","Low")) -> Medium | Q18: =VLOOKUP(A18,SampleSuperstore!A:G,7,0) -> South | W18: Central Average Sales | X18: =AVERAGEIF(G2:G9995,"Central",J2:J9995) -> 215.77266
A19: Second Class | B19: Consumer | C19: United States | D19: West Jordan | E19: Utah | F19: 84084 | G19: West | H19: Office Supplies | I19: Storage | J19: 55.5 | K19: 2 | L19: 0 | M19: 9.99 | N19: =IF(M19>0,"Profit","Loss") -> Profit | O19: =IF(L19>0.5,"High Discount","Normal") -> Normal | P19: =IF(J19>1000,"High",IF(J19>=500,"Medium","Low")) -> Low | Q19: =VLOOKUP(A19,SampleSuperstore!A:G,7,0) -> South | W19: South Average Sales | X19: =AVERAGEIF(G2:G9995,"South",J2:J9995) -> 241.80365
A20: Second Class | B20: Consumer | C20: United States | D20: San Francisco | E20: California | F20: 94109 | G20: West | H20: Office Supplies | I20: Art | J20: 8.56 | K20: 2 | L20: 0 | M20: 2.4824 | N20: =IF(M20>0,"Profit","Loss") -> Profit | O20: =IF(L20>0.5,"High Discount","Normal") -> Normal | P20: =IF(J20>1000,"High",IF(J20>=500,"Medium","Low")) -> Low | Q20: =VLOOKUP(A20,SampleSuperstore!A:G,7,0) -> South
A21: Second Class | B21: Consumer | C21: United States | D21: San Francisco | E21: California | F21: 94109 | G21: West | H21: Technology | I21: Phones | J21: 213.48 | K21: 3 | L21: 0.2 | M21: 16.011 | N21: =IF(M21>0,"Profit","Loss") -> Profit | O21: =IF(L21>0.5,"High Discount","Normal") -> Normal | P21: =IF(J21>1000,"High",IF(J21>=500,"Medium","Low")) -> Low | Q21: =VLOOKUP(A21,SampleSuperstore!A:G,7,0) -> South
A22: Second Class | B22: Consumer | C22: United States | D22: San Francisco | E22: California | F22: 94109 | G22: West | H22: Office Supplies | I22: Binders | J22: 22.72 | K22: 4 | L22: 0.2 | M22: 7.384 | N22: =IF(M22>0,"Profit","Loss") -> Profit | O22: =IF(L22>0.5,"High Discount","Normal") -> Normal | P22: =IF(J22>1000,"High",IF(J22>=500,"Medium","Low")) -> Low | Q22: =VLOOKUP(A22,SampleSuperstore!A:G,7,0) -> South
A23: Standard Class | B23: Corporate | C23: United States | D23: Fremont | E23: Nebraska | F23: 68025 | G23: Central | H23: Office Supplies | I23: Art | J23: 19.46 | K23: 7 | L23: 0 | M23: 5.0596 | N23: =IF(M23>0,"Profit","Loss") -> Profit | O23: =IF(L23>0.5,"High Discount","Normal") -> Normal | P23: =IF(J23>1000,"High",IF(J23>=500,"Medium","Low")) -> Low | Q23: =VLOOKUP(A23,SampleSuperstore!A:G,7,0) -> South
A24: Standard Class | B24: Corporate | C24: United States | D24: Fremont | E24: Nebraska | F24: 68025 | G24: Central | H24: Office Supplies | I24: Appliances | J24: 60.34 | K24: 7 | L24: 0 | M24: 15.6884 | N24: =IF(M24>0,"Profit","Loss") -> Profit | O24: =IF(L24>0.5,"High Discount","Normal") -> Normal | P24: =IF(J24>1000,"High",IF(J24>=500,"Medium","Low")) -> Low | Q24: =VLOOKUP(A24,SampleSuperstore!A:G,7,0) -> South
A25: Second Class | B25: Consumer | C25: United States | D25: Philadelphia | E25: Pennsylvania | F25: 19140 | G25: East | H25: Furniture | I25: Chairs | J25: 71.372 | K25: 2 | L25: 0.3 | M25: -1.0196 | N25: =IF(M25>0,"Profit","Loss") -> Loss | O25: =IF(L25>0.5,"High Discount","Normal") -> Normal | P25: =IF(J25>1000,"High",IF(J25>=500,"Medium","Low")) -> Low | Q25: =VLOOKUP(A25,SampleSuperstore!A:G,7,0) -> South
A26: Standard Class | B26: Consumer | C26: United States | D26: Orem | E26: Utah | F26: 84057 | G26: West | H26: Furniture | I26: Tables | J26: 1044.63 | K26: 3 | L26: 0 | M26: 240.2649 | N26: =IF(M26>0,"Profit","Loss") -> Profit | O26: =IF(L26>0.5,"High Discount","Normal") -> Normal | P26: =IF(J26>1000,"High",IF(J26>=500,"Medium","Low")) -> High | Q26: =VLOOKUP(A26,SampleSuperstore!A:G,7,0) -> South
A27: Second Class | B27: Consumer | C27: United States | D27: Los Angeles | E27: California | F27: 90049 | G27: West | H27: Office Supplies | I27: Binders | J27: 11.648 | K27: 2 | L27: 0.2 | M27: 4.2224 | N27: =IF(M27>0,"Profit","Loss") -> Profit | O27: =IF(L27>0.5,"High Discount","Normal") -> Normal | P27: =IF(J27>1000,"High",IF(J27>=500,"Medium","Low")) -> Low | Q27: =VLOOKUP(A27,SampleSuperstore!A:G,7,0) -> South
A28: Second Class | B28: Consumer | C28: United States | D28: Los Angeles | E28: California | F28: 90049 | G28: West | H28: Technology | I28: Accessories | J28: 90.57 | K28: 3 | L28: 0 | M28: 11.7741 | N28: =IF(M28>0,"Profit","Loss") -> Profit | O28: =IF(L28>0.5,"High Discount","Normal") -> Normal | P28: =IF(J28>1000,"High",IF(J28>=500,"Medium","Low")) -> Low | Q28: =VLOOKUP(A28,SampleSuperstore!A:G,7,0) -> South
A29: Standard Class | B29: Consumer | C29: United States | D29: Philadelphia | E29: Pennsylvania | F29: 19140 | G29: East | H29: Furniture | I29: Bookcases | J29: 3083.43 | K29: 7 | L29: 0.5 | M29: -1665.0522 | N29: =IF(M29>0,"Profit","Loss") -> Loss | O29: =IF(L29>0.5,"High Discount","Normal") -> Normal | P29: =IF(J29>1000,"High",IF(J29>=500,"Medium","Low")) -> High | Q29: =VLOOKUP(A29,SampleSuperstore!A:G,7,0) -> South
A30: Standard Class | B30: Consumer | C30: United States | D30: Philadelphia | E30: Pennsylvania | F30: 19140 | G30: East | H30: Office Supplies | I30: Binders | J30: 9.618 | K30: 2 | L30: 0.7 | M30: -7.0532 | N30: =IF(M30>0,"Profit","Loss") -> Loss | O30: =IF(L30>0.5,"High Discount","Normal") -> High Discount | P30: =IF(J30>1000,"High",IF(J30>=500,"Medium","Low")) -> Low | Q30: =VLOOKUP(A30,SampleSuperstore!A:G,7,0) -> South
A31: Standard Class | B31: Consumer | C31: United States | D31: Philadelphia | E31: Pennsylvania | F31: 19140 | G31: East | H31: Furniture | I31: Furnishings | J31: 124.2 | K31: 3 | L31: 0.2 | M31: 15.525 | N31: =IF(M31>0,"Profit","Loss") -> Profit | O31: =IF(L31>0.5,"High Discount","Normal") -> Normal | P31: =IF(J31>1000,"High",IF(J31>=500,"Medium","Low")) -> Low | Q31: =VLOOKUP(A31,SampleSuperstore!A:G,7,0) -> South
... A9995: Second Class | B9995: Consumer | C9995: United States | D9995: Westminster | E9995: California | F9995: 92683 | G9995: West | H9995: Office Supplies | I9995: Appliances | J9995: 243.16 | K9995: 2 | L9995: 0 | M9995: 72.948 | N9995: =IF(M9995>0,"Profit","Loss") -> Profit | O9995: =IF(L9995>0.5,"High Discount","Normal") -> Normal | P9995: =IF(J9995>1000,"High",IF(J9995>=500,"Medium","Low")) -> Low | Q9995: =VLOOKUP(A9995,SampleSuperstore!A:G,7,0) -> South

Sheet Insights 
J8: Business Performance Summary
J9: Total Sales | K9: 2297200.9
J10: Total Profit | K10: 286397.02
J11: Average Sales | K11: 261.96
J12: Higest Sales | K12: 22638.48
J13: Lowest Profit | K13: 0.444
J14: Number of Orders | K14: 9994
J15: Technology Sales | K15: 836154.03
J16: Furniture Orders | K16: 2121
J17: Average Discount | K17: 0.15620272
J18: West Region Total | K18: 725457.82
J19: Furniture Total | K19: 741999.8
J20: Office Supplies | K20: 719047.03
... J25: South Average Sales | K25: 241.80365

Sheet Category wise Sales
B3: Sales By Category
B4: Row Labels | C4: Sum of Sales
B5: Furniture | C5: 741999.8
B6: Office Supplies | C6: 719047.03
B7: Technology | C7: 836154.03
B8: Grand Total | C8: 2297200.9

Sheet Region Sales
B3: Row Labels | C3: Sum of Sales
B4: Central | C4: 501239.89
B5: East | C5: 678781.24
B6: South | C6: 391721.91
B7: West | C7: 725457.82
B8: Grand Total | C8: 2297200.9

Sheet Profit By Segment
A3: Row Labels | B3: Sum of Profit
A4: Consumer | B4: 134119.21
A5: Corporate | B5: 91979.134
A6: Home Office | B6: 60298.679
A7: Grand Total | B7: 286397.02

Sheet Category Performance
A3: Row Labels | B3: Sum of Sales | C3: Sum of Profit | D3: Sum of Quantity
A4: Furniture | B4: 741999.8 | C4: 18451.273 | D4: 8028
A5: Office Supplies | B5: 719047.03 | C5: 122490.8 | D5: 22906
A6: Technology | B6: 836154.03 | C6: 145454.95 | D6: 6939
A7: Grand Total | B7: 2297200.9 | C7: 286397.02 | D7: 37873

Sheet Ship Mode
A3: Row Labels | B3: Sum of Sales | C3: Sum of Quantity
A4: First Class | B4: 351428.42 | C4: 5693
A5: Same Day | B5: 128363.12 | C5: 1960
A6: Second Class | B6: 459193.57 | C6: 7423
A7: Standard Class | B7: 1358215.7 | C7: 22797
A8: Grand Total | B8: 2297200.9 | C8: 37873

Sheet Sub-Category Analysis
A3: Row Labels | B3: Sum of Sales | C3: Sum of Profit
A4: Accessories | B4: 167380.32 | C4: 41936.636
A5: Appliances | B5: 107532.16 | C5: 18138.005
A6: Art | B6: 27118.792 | C6: 6527.787
A7: Binders | B7: 203412.73 | C7: 30221.763
A8: Bookcases | B8: 114880 | C8: -3472.556
A9: Chairs | B9: 328449.1 | C9: 26590.166
A10: Copiers | B10: 149528.03 | C10: 55617.825
A11: Envelopes | B11: 16476.402 | C11: 6964.1767
A12: Fasteners | B12: 3024.28 | C12: 949.5182
A13: Furnishings | B13: 91705.164 | C13: 13059.144
A14: Labels | B14: 12486.312 | C14: 5546.254
A15: Machines | B15: 189238.63 | C15: 3384.7569
... A21: Grand Total | B21: 2297200.9 | C21: 286397.02

Sheet Dashboard
A4: Dashboard
X10: Business Performance Summary
X11: Total Sales | Y11: 2297200.9
X12: Total Profit | Y12: 286397.02
X13: Average Sales | Y13: 261.96
X14: Higest Sales | Y14: 22638.48
X15: Lowest Profit | Y15: 0.444
X16: Number of Orders | Y16: 9994
X17: Technology Sales | Y17: 836154.03
X18: Furniture Orders | Y18: 2121
X19: Average Discount | Y19: 0.15620272
X20: West Region Total | Y20: 725457.82
X21: Furniture Total | Y21: 741999.8
X22: Office Supplies | Y22: 719047.03
... X27: South Average Sales | Y27: 241.80365
